id,label
00680dd398aaf3885ee39a5a3853e96c6d99ebcb,8.296264e-10
0060ae5d2ca3e4c57d4736597a4c56e5942007b8,6.648997e-08
005f1d7c296b81c8a775adde197ff540db73d042,0.00059254863
005e7b500fa8bd60a4abd0d352a199d57f570b10,4.0945483e-08
0060269536500f323a952b28ee090c106dc4e5a5,2.4825917e-05
005e75e90911d428f4b01af9565ad1f1715a8c3e,3.2250978e-07
005e68ffc5289e4c0ad7bba5bd53dd3cb8ead6ac,9.69823e-09
0064f0cfc8b617af953e7b400ff1560c6767ec66,4.178859e-08
005fee9b25939ff81e53c84f061444114b7a35a1,5.932262e-06
0058292c094bb2d0f2bf925474f28775c14d0e1f,2.0430527e-07
00578947ddb365dbc073ee8f5449057802c86741,7.7669746e-08
00557cba766975300a8e4822c63a496a302ddcca,1.8704455e-08
00573153447495d2baec1c9f64e29875915994c1,1.1426235e-06
0058dab0652de23878eef583f4635b19b59dc596,2.286823e-08
005a7ca6538a653113dc8878e5a94fb823496498,1.9504355e-07
005a51e32438fe2b0efb363394f492bb5c0a2661,2.6253242e-06
005c1eadde42dc903409b76fbddbc70df261e429,1.1724151e-06
005c1646481219b16cf95e177d4014e2ded61087,2.5994734e-07
005d38cd709e55aa47f140c45f93c67926bc4274,7.447191e-07
005ae6950b4686a159585d16f40f5c251783b479,8.979478e-09
005bbf33d9d5bf031aa3ea1b6d451a1942e691bd,8.64069e-08
0057055cb79cd14dfc6af19aaec921447c6114dc,1.7824399e-09
0055307a0d3454eb3911e572857cf43897298ded,2.1791418e-06
0053055eaaaccb9e92d73c4539c5763182a9b39a,4.3968334e-06
004e531d9f8902e89af0fecb972463f25c3acc07,6.9224264e-08
005378cea8f2e0338f45d7cc77f3d60e42927252,8.228607e-07
0047b0b7c7b061b6ef6106f5f697ff5f94dc84da,7.618199e-07
004663928be6f081df246edd153ec47cf4c346d6,8.080494e-06
00437dea0edc982f771b8d5273c779c721ca0fd3,1.5707926e-07
0042e1224a049d88dbd4fc7f453d81579f9378ce,7.6547724e-07
005557d2c845d6fb2cc0297bd0e14bbad3df14cc,1.3521457e-08
00441f538d0185c4a798b544325b10a355a77206,2.1743703e-07
004173556f07efabf06dc71f4899a99dbc734bff,1.1215888e-07
0041d9021758143559024abe53b4310849901b59,4.166775e-09
004034774743d13349a214af6771e7d58ab90dd8,1.9171443e-08
003ef8ac1fac0d3750a687952c752f86561f3378,9.279677e-08
003c82a3fd4d552af6da029f09ed1824894fd6f9,1.0401291e-07
0037f1f25525d408b44146f410b2d0f3e0b36562,4.9486044e-07
003f84a8dbe13f4fa549a510a5906187b34e2209,5.0603365e-08
003f42000f8e00fbe0c97eaddd14b797275715bb,5.973501e-05
00429bc22cb1a4e5ce75660f930ddfa6a9e3461c,4.359236e-09
0036b5e33b056dbc240d324a858cde3e826f5abb,3.8609633e-07
00343c92dfd3fa01bc545e4a96e87ad6f3d5cbde,1.1467293e-06
00332acf853548ea4ab761a6c478e22e82fe6903,1.944266e-07
0034e5d878a2635f3060309b733840112cab0576,3.5350147e-09
00357aaab3ee38c3354cb7aab82a883f34b7aa86,3.7497795e-08
003d14ca5481028a008c34b6cca7c235dcc1d298,3.6395285e-09
00379b54952b66fdbf64eb40cf3534b18a8e3144,2.9443304e-06
0032fa7a940cab705fc5aafcd8ff98e516b57db5,5.0769074e-07
002e8d827c19a9dfbacff7e53c1c425ef5383a18,2.544188e-06
003164cbbc25a501c43f85dd176019b25b1f920d,3.6568258e-07
00323d996e0ac8b13044959a60ad468642b93b1c,8.616543e-07
00298448559c7555d3999782a0f3cfb8cdedb57c,1.0255747e-08
002a8a44650aebba8b9931a835eb8d021194f23b,2.1255613e-07
002e0456b0921275fc02c1af18f860debd872e77,1.5556326e-06
002ca3b94e5df7c544bd0684f78b479d97cd8c73,4.854036e-09
0029bfd0f8d4e3db7da6ae2a742f296371c37b9c,4.3432647e-06
0029739595dd8694eacead4cbd521fd3431ed442,2.961781e-07
00246a8e5ca1c1080530593b42527e6fb425fb6b,2.765261e-09
002301620eee6e44284e4c18c3e2108d823f985f,5.9430215e-07
00242f68262419a6703563c7b3995abfcee8f934,5.1280676e-06
00238b4440f7c4c4a242e109d9729865414d87f7,4.142624e-07
001d59af39e296eb8323a190f58cf498f66fb08d,9.4834625e-08
00186a82134c399e8bb77d038475741d696cb72b,1.587059e-06
00179c97cd2aaeafcbce352aa387db1b76616a53,1.0462735e-07
001e92257a59ac137d99f52419884ca60e0b91ee,0.00011361683
001da402e229c18631c3dd7b8953e6f7e5d3ce99,3.8039659e-07
00153be8e27526f9c2f035aff25ca9264db0a2ed,1.228502e-07
0014fdb3da986174f9a1d7ae95f3b75a2d025a57,4.765839e-08
001e385106b858d95c122a1cb3a930d3f30e67de,6.63248e-08
0020b6b5a91d83fe3ba41ea6b89113db0848dac4,4.1215806e-08
0016dddb2797d3fafb38c2651c5589d92030e835,1.145937e-08
0011f0596a038fc8daec4fde71465e347515392e,9.1882263e-10
0010e7eaa3d8e14203cd3900b739d8bf0f0b67f0,1.2322632e-08
0011807dd1e3306ff3f7a755fd3efbefa2901dce,3.2475895e-05
00118bec91b7fae175791896f7011ff506b3d7dd,3.456073e-08
000e6341cf18365d35b40f4991002fec8834afc0,1.03705515e-05
0010e2887e0b977fcdfdf4c50564fafbbc2b6208,3.0536214e-07
000c8db3e09f1c0f3652117cf84d78aae100e5a7,1.1788407e-08
000de14191f3bab4d2d6a7384ca0e5aa5dc0dffe,1.870449e-08
001161a2eca200f565f12870048a78fa5b320dee,7.2771034e-09
000997a6038fa7441aa0111ac456255060a354c4,1.5600525e-06
0006e1af5670323331d09880924381d67d79eda0,1.6393678e-07
0000ec92553fda4ce39889f9226ace43cae3364e,2.621861e-07
000309e669fa3b18fb0ed6a253a2850cce751a95,2.43404e-09
00040095a4a671280aeb66cb0c9231e6216633b5,4.989301e-07
000698b7df308d75ec9559ef473a588c513a68aa,1.0800048e-07
00006537328c33e284c973d7b39d340809f7271b,5.602447e-08
000270442cc15af719583a8172c87cd2bd9c7746,3.3112393e-08
000253dfaa0be9d0d100283b22284ab2f6b643f6,3.444029e-06
000360e0d8358db520b5c7564ac70c5706a0beb0,2.3621308e-06
00024a6dee61f12f7856b0fc6be20bc7a48ba3d2,1.2149215e-07
01942f7f0ad9ea9f615fb77b01c94bb3ef614b36,1.1685339e-06
01980c64ed6be677027c55ef30323b1baf1946be,1.6792575e-09
0196351582fac0407bf167ef373e933ff50b43a0,1.5959117e-08
007cc06e15a849c48f9e3f6eac424a28cde16af2,1.0960937e-06
00713493aa90be577b6733f9489935b6d49c021f,5.8206915e-08
0071587876244eec7bb831cf929dce4b73fd7332,0.00022460645
007b9bc2fc8e12397bbd34ba87333a5c548cc2ba,2.8625533e-07
01a008c4af38e0cb4eeef557d8d3e0f484832c6e,7.690112e-09
019f88ef62d95e339e3987890612d278fb752e3d,9.027841e-08
01a11f36c9b34bf57325e0a7daee39012b9cc95d,3.545623e-05
01a1132efd7339c4861b2e43671a9475e347e737,1.5158145e-07
019b541f637e1a93bb874c26d1b3d6d76f5dae96,1.5470664e-06
018b0eace4de112bbc986bb9a71f2b9b361ca808,1.4197793e-06
01715e212e791004f26869507ce26165924548e1,6.916311e-10
007dde0932cd42677649aa19136c1f48dee08523,9.120784e-08
0172aae200893b7234ee8e4428bac162c664d533,4.4438244e-09
016cc84dd00b8f8f80d4d931c2b0211556b40e1e,6.4278817e-07
016f7f6dad5823801827afa5760d760c7b231938,1.6712976e-06
0172928d34bc7673dfa9f3826c36170e212a15cd,1.002016e-06
017b1b2d2312355a04e801d60f93c81886d07f78,4.113609e-07
017e1ba59dfc53cf12a5eb276556d9e7ceadfbda,1.1848705e-06
017338ab8c8dfd5ec3eeb733acb0ed34895fd77e,4.007663e-08
017a4d53da18489f59111003e439992070ee47a3,2.1586096e-08
008a0525ab637130c4d264de131112af3c1853a5,1.879454e-08
014db86ad665146fd1425274946f0c049c8a29f9,1.8366274e-08
0198c95399b109dd50412d52322a726009d890ce,1.0152016e-07
0092f6e3b8436e8a4468dfdb83ffcb94bd3dd389,7.6970406e-05
01462c95a5fa99737bdad86e7d4f6f91444c635f,8.089842e-10
01809a49b8332b3539eca34d20f34b9296505a07,4.9901093e-08
018d3b6f1e0309c4197a8929895f3b7445eb71f5,4.900427e-09
009db51f384b44f443c9be21737d0d175eb50407,1.9409961e-07
016bb96aff63e91060353f131d13e83406e85e02,2.8313116e-07
0160b285564a451617acb283c95574872c83ed45,6.6687185e-09
01304df5dbeba8799280212703bcdf1017b53921,3.7116536e-08
013555117e9bcafcf5ea32cfb5d5ea468501fd55,2.9074815e-08
01360b17b7e01abcfc44ab9c353432d3d75bdcd6,1.9405854e-05
0136b0f56f936561bbcd9c6cc97b9aa680b4553c,7.6135507e-07
01a4ad38cbd40c2cb4355c3949003727088838e6,3.6613832e-07
01a35032b360b46dc059eb05ef11ee8772bf1667,2.9560073e-07
0120bb17eddd738b45ede3abc98471cd7f78f064,2.6467876e-07
0120c34ee9b5d49f51bb62dad94a5fb640bf7a5e,1.7622854e-09
011f3b1b42294933c2d8a19045dd3b4cdaee7be6,7.587507e-07
011ce67319b50abc5cec4d352a81f3ebf24d73aa,6.054276e-07
011e9a04d22a915bf23b8a8ec671ba02a0fb6b75,6.8548134e-06
012175b9c832ac0ac7e9ec3c87a5655d71d15453,1.5563911e-07
01206572d00fb541a2e67a581ffe3bf49f4de49e,6.330734e-09
01276439e2922185aa3c45de4c4498592742e326,4.7771107e-07
01266f924c15a3add2888ee55c75bf9df08a4437,5.339869e-08
01264e82969eb4b3cace9d4ff8cddf5bdd19843a,1.0037838e-07
0127d4bfbe9f49b4a5df9affde81bee5f03c282e,1.2338272e-08
01a539a0a1ae83b75480f49a11324d15d4e0a42d,1.0504149e-05
01a17ff57030a746298e9f0933b5954dd31ba691,3.2294315e-07
019e354564a960fcdc69637e46c509ea796779cd,8.9492865e-08
0198b3770763661e7e82ee6f61cbfea98cf1cf04,1.2478756e-09
019899267ec30021830793200855ea6a068de746,3.7932066e-06
01986e249002b28b263a8c0bfc2cc81ce706b176,4.273016e-08
0197b54f5feef956ff69cc7ae04cd18172d7b121,4.084634e-08
018d58aa25df8b0f8de7082aacdf5606acae201b,4.1378738e-07
01913223cf5fc744c43fb365db6e60c498c7cc37,2.281585e-09
018c95d095c1b6637d604dba1801459864dc2957,1.2980015e-08
018bfcbce233e2d1c6b3f2cc5f557a5c677ff22f,3.64691e-08
0182257e2f37b37e4c5d7964bb9c304fa880d103,1.5731402e-07
0181937d0f7847836033ee2b046a00b74ba32c35,1.408859e-07
018aec7e01d9bfb2aec5e02cfd7cf1aceb4f65bd,1.334044e-09
0185fe8ee3721f011d17dc4b236d100bd79414c1,1.8021058e-06
018691abc6b73341d6400f4708eb278d93f1b636,4.7590262e-08
017f99537b03fa9c15a3979aec5babff33b4a555,2.6236249e-09
017f04639746a72964dc0c901179b410e738c784,5.715173e-07
018b67fd5ad8f87951dc2953c2501c382f0d4184,5.1485915e-07
017ec73d9dc082d769bfc086a0fc183ef74a7a9c,1.2161554e-06
016b13f36a19b275e6ebf7b9747844a42ebe6901,1.644298e-06
01667c29dae512222aa9e7fdb82be260e4b0d043,1.9010589e-06
0168ae6fe38084d338aa5e973be67523b4b51008,8.167932e-08
0169f553e791bf8836da7b844ff1834b131abfcc,1.8962298e-08
01651d593075b2726e94f0787db4dffb32b93058,1.4448314e-05
01670a6439c6b899b810b77ffbd9d79a617a62a8,6.662568e-08
0163bb8d7219858add49a8e0f4ed6d7c24e7fbb2,1.7351399e-08
0163bec95425d22148b7e5a1993e3bb3bcd77d3e,4.807407e-07
016423a70e3694528865928607f0dcb04ee107c4,1.27677e-07
015ff671edafae08817c673386b8e2d453443a07,5.278876e-07
0159f30a0d34d57333604b56285e7e85c9d7059d,1.2714595e-08
01563a7d04ba2ecc5946290e59e767243106ddee,2.7420143e-07
015e34122cd1bc4d0bfcc6bf7e5f230362718855,3.9205545e-09
015578e423343ba619a3284450dd11f2f1ade9be,3.971294e-06
0153f0e5e862721e51c75dceac8e41d1b86c5602,3.3340717e-09
014f552277e9de2aba3f7e143f4bbbbb1673cef8,6.04472e-06
0150dcf09a66c1ce0092634b987551b64d310145,1.4127757e-07
0152a75de63d5bad9918748a474a99fe1ad7e8e6,1.1457574e-06
01487b8fc6ddf1e1f22b2deb5cb97312fd155802,4.7034025e-08
014d57fce13c7ef0169188d107fc66a9aafc9efd,2.9728657e-09
0148a801a8ff53115a185215038bb97c077245b9,4.6156252e-08
0149e0c9081822b09882c6a71b6bb067a66be1cb,4.9862752e-08
014bb404fff0795a3106be1891d6d18c9fa3b87f,1.7205405e-08
0146269495a94845cd812600cf95fc49580acf7e,2.5241851e-08
01442c0e6148c12fd469568d5fd3d3f503a701a7,4.518631e-08
014d9b2372f725abb725d5b37aed8e831fedeabc,1.2465105e-06
0140709e7833fae78533716d18fc0c2ec3d5e377,4.3467022e-08
013cfdd485e1cb905f3ca04d26179a45d39d2ce8,6.2229425e-08
01391e185583a05b7336b2d0b175d2b255bf6ab5,2.7255276e-09
013dbe3deded7ec7b623d8326537c7920dc0f446,7.172062e-06
013c9f163ad96c8debb9625c1cfdc5e6e21b526e,1.2710933e-08
0139ca944968bcc1875eda441ce6e4fc638cd080,8.8728007e-07
0141f11909795a651a1b009fb6e54a31862f1531,5.494178e-09
01324904263b58f697abc91a6622a6642500170a,4.90992e-10
012770a635f491d25692ff4658fb9c05f2192b88,4.4854172e-08
012915e93cc3c56bb84f0e7131bbfa021bc13b5b,5.3353433e-10
012cce5816371e3ff0278b8b6828ddbef2a71ca7,2.361829e-06
0130ab1eea059b5ddb25faddd10105c3fbc1c8f5,2.9757834e-08
012cf55090d6411cb16ded48eeb02eef2c4396fc,2.2140066e-05
012820b17c475a2cc68dccaf6278064cda20273b,5.9037898e-08
011ef53f7d6d44dec727d089fee3296ee7d88887,2.3958156e-08
01169cfdc937ca4a2b9fdaf95ace3538819f4792,6.6309253e-06
011574553dcf4baa9a1d0d00239edaf3b7dc1994,2.0269175e-08
01154dc2e81fa8ee0773cae33a97b1e06e6d0f97,4.4192783e-09
011892fe9f7132f878f5e89af28f4d716663d473,2.640333e-08
010f41e6336f801666f75ede546b3a8e1c2a1742,3.35084e-08
010d313dd29c2d924b2c75b4d7abe199023f96b9,1.956495e-10
011167f5d12fb91dfa1f8732d677bb593adf0d6d,7.3775874e-09
010ed98e54dbf8097e2b7e77efe0fc05ccddd3cc,1.2777322e-07
0116083e9423312a1d83ff93fd1cc0affdc38590,1.5026477e-06
010811943d2ecc930e9da41973fda2c53ceff8af,2.5912009e-08
010660b477a6a4fc43e6fffbd8ae00bdf1a78af2,1.0451209e-05
010636698463c3124080d7a48b74a87259279561,1.6481296e-08
0103cf8d7c85833a81044850dbdcaac0dfa38386,3.3056682e-07
010404867a091a7e72c643c9a5f389cf692db2e4,1.5637409e-07
0111712fc6c458fad4eefc5aa802bd9fa4a375f1,4.7543904e-06
010b99fc0df445bd3a8294319541c5594365c874,2.0857453e-08
01091896b3c1eddc4df810844651d029e3e1d88a,1.370198e-06
0106a609fc57c6d441e2be07f5dbc7f341d26878,4.5577355e-09
010801c0161a9c7fcad8ea1c32f8e4e98ddaedd7,5.2771846e-08
010434811410837d8407d54ebafddac1c25327db,1.1793015e-06
0102df70a690e55a7d094e6a095c7a70393bc75c,3.6613764e-07
00fef8ff216c126a030a1af0d068b408c0c0e5c1,3.5878753e-07
00fe9fb8ab761377c0f756937db6736b6cf73c3e,3.1563243e-08
00fbfb77d1c2ec50100498d744630c97bad1c743,2.510301e-07
0102ae989afe74de99c6ccdf6c315203b59719c3,4.86983e-08
00f81be25214d76ce6f57f9e9b4a92f150e09382,2.2161352e-08
00fc1ed68218f58c5fe9ab7a89802c8a68b52586,4.466683e-09
00f9f4b37d25d8d58af4554151e33fa5fe839239,3.1008653e-08
00f8a9d650e4124d7f1556d2f8c1760d4650a75a,1.7647848e-07
00fbcc7bbbb5b37a6e3bb3510adf00675986554b,1.4047769e-06
00f7c260e063056054845c04142949d5cdc8e90f,3.3709884e-07
00f46e45292147c0a96e2324ccde486f9567d128,8.2994134e-10
00f4787e421d24a70e13176888ec0fd10bf38de5,5.2817737e-09
00f435aea315d860d81263245469bebca5c79f5b,4.9304585e-08
00f25ca46b129797c241c61dbb34685384cf7d4a,1.1897554e-08
00f2f04fa0597f853c83cda9493a06b7b8e6f025,3.1469215e-05
00f5ea16a0c05c9218f7f677856bdd70783c9ab5,9.667077e-08
00f0baaeba14683c6deea2bbfc1e5cc2808285fc,2.8406234e-07
00f1bc7763a85cf3d8fbbaca1adf41022fa9404c,1.5791332e-07
00f25a0af978a0084fbf6086b08fce2e5438595f,7.6750084e-08
00e739fd02bc5bc9ecd9658b80b2a2af71c0866c,2.1167991e-06
00eb21bfbc042c534ee06d6df094a599790e4dfc,4.1159322e-07
00ee3f91fd56ca9e1ce4a7b7d06a88da72beeb7b,4.9727884e-08
00eb9476a4c6f2b646b771f46ce809921144b0d1,1.26823085e-08
00e8637e1c15d842bda0870ee94d509bb90e3447,1.7816089e-07
00e77bde04dded4f9cc688a18d1f90c7ac4c2be4,5.37224e-06
00ea7df32392f6d50ee7cbf2a5d9efa7ccc92584,2.6682827e-09
00f06d8032bb50170d5ceca8f05766ff59896807,4.4489835e-07
00ef9f03acd37e01a44f3ca6f06ac892c4f2da3a,7.921696e-06
00e9637be65df7f529f2b7555e4c5175a87c8059,9.886778e-08
00e4acac6f30473c08355d23a3c9f75c1aea03ec,1.3039918e-05
00e3c08356c9952be5f6fcfcc6aff9df235c67de,1.0697025e-06
00e0fa8361257351aa9c0c14842fea914638bb5c,1.1473057e-06
00e339990b6731c0e1ec7c95e5142e2a553e0018,0.000112752314
00e36f1fa732b40d37f40675229fd5df2900ec81,3.7063334e-08
00e1d7656d92d3d6af9974b005ad129c8637b544,1.8775374e-07
00e6a2068bc63e2bbe5b3747006c9ea40af2af92,5.8892e-09
00dd8050f0555af5bf1b8b3ea7453c8905748a02,1.075866e-07
00dc10f383fc2736de2f3b196e55c063b1d52ff2,2.7220478e-08
00e069cdf991af2c4ccacb5074da6fcc05d6ec44,5.936434e-07
00db00b88dd96e11a35c80602f5b21adac26c584,8.376047e-07
00db76da84d723ad2641207ac82d7ba1798c576f,5.279425e-07
00d91387c605a85cce9845d11bbffacfc7c4b9ab,1.1094219e-09
00db537428296fb0b73e7ffb9a967b9efaf68a0d,4.8034376e-08
00d68ff1db593f391ff898f0a653aa2450d88511,7.70709e-08
00db7af1d8023068b730b952d6f0805dc8ac2e1e,1.6239897e-08
00d7ec734099f2ba82dbb857c46b121ed1384938,4.5625566e-08
00d67b9b2de08f6c7e10e391c334d029f7f1251e,9.975654e-08
00d75d5647b3fb6ba1e2fc13c5ca5e5c2d0354cd,1.6693701e-06
00d67db5930d0f1ed3dc8f050957810b4f9b0145,3.6870993e-06
00d5742120af951b78eacf6ecc0951b42f2135d7,1.5860442e-07
00d665a04c6b69d58dbedaf86e3bf2646295ab7a,5.546711e-08
00d4db591faa84e90b5b6d252210e8db64f88472,5.911441e-08
00d2880985ebe7d8b6c63608f62c63c30ab1b8fa,7.2404305e-08
00cfd9d2db9b50141d816a0cb2bcf531721dcbf3,1.487037e-08
00d2098aa97722d13cd221d0b17863aaad82f706,1.0316968e-06
00d26e76f1a3da5c552c3895f6f222cb3aaa2aa9,1.01430135e-08
00694ecfbce48f346cda4d8cffd9a04dcac9e788,7.7094535e-09
006b80fa929adac3c111bfa47ee8bef69d3195c9,4.8961783e-07
00679b776fb15d418e55a017eee9bf35c3a0cecb,9.104537e-11
0068c08ceb15393e115ba6cc405a51c4d0a7fedc,8.4704854e-10
006f36c66eed831da677a6d468369095aa6c92f2,2.9255494e-08
0065ad2c2b393db18a0908e5d9d2b87d175597c8,3.6210977e-08
006deda589bab5b4766d28f762a41e82194bfec7,2.5193503e-09
00ce51442f57ff1d3280e62b74d08690d1de545c,1.2044917e-06
00ce5e92e0a9d7810780a3cfd55b21eb2ad568ac,4.1051153e-06
00d2229fbf4ccd23e67456d2f86b85a7e299c3ab,1.6878117e-07
00c9b8878669232e267d74008e40168cc9985af6,2.4500357e-08
00c1c1464fe94894d06b200abd5339817b225b6e,1.0318281e-07
00c1d569258b4c44a2a31f89aed413234fe8438e,5.2946973e-08
00c6a50db09c0d74ba86b14d0b7bc351efee4a29,7.911272e-08
00cc9f0b324bee545c2faf63f1290f1104f2fcec,7.992704e-08
00cca1c4e98f0413c301f4896209412ee70de13b,3.4576606e-09
00c7b5723f875291ff0b8a5b92eb33afce265a57,9.206566e-08
00bfada2552c0e40449d9d2979e5e132a5049852,9.815322e-08
00c422084b3e79425267b1e395b618cd38a08c96,4.647649e-08
00bdcc7806ced6afddbcffb1f79a3cf81588ccb2,2.4662683e-07
00be641322741e42fb8cb3301c543ae9d242e77f,1.9967173e-07
00b893ab1689e606f1fc834e51c0930c008119cd,2.0367416e-08
00bd5aea20109653fe22f63462d64c0656719cf6,2.667109e-07
00bef151845348f37952298e21a408e6a1e4a3a0,6.896557e-08
00babbf452b053ac92b80cec51e22576b4d9cef5,2.0617762e-08
00baf2602214addfcf6e8e6e4d3ebfbb17ec59fe,2.1266177e-07
00bf07acff499ec91dea7f19c398b8a3720e02fc,7.0600895e-06
00be778221d2f0123ccaa08184511ac722fe75cb,1.506774e-08
00bbb1701635b1a1c75190b625f1b83657183b2f,2.0767942e-07
00ba0c4db0cd55d695c66f23a1619e3bf8fb2ca3,1.6066226e-08
00b6c59bc941604bd4725d957796a0635f0f4bce,9.3543846e-08
00b59e58281b434cc235b539aa50e03d80ee7ada,3.4719964e-08
00b22d1ceb87fc23d45b246b152e450c9f21dfe9,1.0620508e-07
00b592c66e533059be4538c36a6acfccdbaafab7,1.3488537e-08
00b8717ee6ceb6bc30ceaa245935d5f69e8e5ddd,1.1958714e-07
00b0f928b11ece033cec14d64673843a7be4629c,2.4823186e-07
00b877a8a29237f9052d4f6ac1873145e714d3a9,2.3553757e-09
00b0834ff7de02164bc1d58b4bf052cbe568a926,9.613936e-08
00b3507842c0e0e8f11bad68feb5fb10089a2840,1.7417693e-07
00afd2ca902bcca7e24c2b4445971b5dc72c50bf,3.0394484e-10
00a48832b0eda19d0365be0b35b165588e5f54d9,2.4519773e-06
00a9d5b70627a6c469dc3b250b7750825e85ec65,3.927727e-07
00a283d23e79001ac8e765f57f0894ab89d29c59,3.8074893e-10
00a1a702c655aa91b62ce07cc9885f3b625f6ff4,2.4770065e-08
00add86d5243b3c083f37ebdf52aa9d59a8fd9e8,1.746692e-08
00a2a7d5fbf50f1314a2f35e325c7cb452f4b5c8,1.2518183e-05
00a0323dd32179f86fa3c817cabdfce0c5ae6bc8,3.2406615e-07
00a04c277c1a4bd14b7636d4c1c346d098a0f805,8.810911e-08
00af1151d5a87d93f50001e20236ec50ec6112e3,1.3242898e-07
00a8ee1938f95219182f3ec07506ec8e496b4ce3,1.5534355e-09
00a01a16ea56bcc9463351b6a5c3ca0fb0bf114c,5.655657e-08
009eb941141b50741e262b102aa90555c5ad70d5,1.6427043e-07
009f8c12a963b16f485105305a252f64581ca116,2.6529135e-06
009ddcc544c1b62266979ae4e7b1fdb1f5989a2d,1.7495615e-05
009fd46c9b82e6a899af376f7e308ded30c3c62d,4.8449454e-07
009d461f9ac83ae90b0ebdc8ffb8f88070ccfd2b,2.909201e-08
009d42025f945dc1754b369a048fb83a0af4f5a5,1.4014013e-08
009b6980b5ba7f609dc215e073a9cae653b027f4,7.92424e-09
009cdbae81ab5efba1851de01b7823427a52b64b,1.7532207e-08
009a9dd8d8667cdd685265fd913ef0fd7256953b,9.196419e-09
009570c31e6ff4e59392fb612f0a6977677de376,8.187924e-09
00989b5dccfdbe01e6c12c1c292cc6ed42ff07e8,1.0460625e-06
00993c2b8af51c48721616df1bc0f0f44fa6ebc7,1.9008704e-06
0095b4bf2031c69192d4a3822f9b026220865333,1.072021e-08
0096bdf1cca2c4fcd5793752578cf4b7db045db3,3.003844e-09
009b026c5381ef056b9ec2be50e1af18ea00830f,3.4134445e-08
00951df03a35c42c525ab8c600f87fc62ee8b2c6,4.6750593e-08
00955b0f599489b4018acdccc686578890b8088a,3.938725e-07
00905f1c4f1f909a8e9866c504af4692879caf80,1.7856641e-07
008e6fcccfb6ad362a379c7443bf14c9e4ff95c0,3.7953843e-05
008cd1c0bb051cdc54226e361c8e5cdb87cdbf67,2.9951215e-07
00905e33032684b1e1c6b8528ea09345d3eab0a6,3.8046622e-08
008ef6da32cffa7a72e20d6b3f4c560ef8207961,8.5371075e-06
008c2160ffaa44021ff1567512a49233bf87655b,6.872157e-09
008d04f3d1d4999bb4022fda20c3d20e6c2e5af5,1.5888167e-08
008914ed412d7b6565cf5476bdff0f0cc19ad9f7,4.2554274e-07
008a4bb34e980f22f8968a1c5cfd0a39c0be996f,6.461729e-10
008618f8602f5a68f6958fe48d33d828cbfff948,1.5249135e-08
0084317dbb3398aed9f7c915c2cdef5a07ada5be,1.4388978e-07
0086adb7bfd9952a0c1d49e7d48323a833edbfc6,1.4743295e-10
0086b35bce0882f292be3f8e8b599978ed2e3a73,1.177553e-08
0084680026c6ea46040238e0fcb444b350daf9d0,7.339496e-09
0086e75b0550b05cc703da196c3c5a70486176fa,4.1575646e-07
008047683a186d9eb45607d0110fa5ba5be9f97c,2.802232e-08
008834506114ebde1c340c9d2bafdfd69de00522,3.5733052e-07
0088676fd5df6759db0e16d6f2163377ae57a6c0,4.3363923e-07
0081fe20854d87e4f99c2108f31b420271f20fd9,5.0137693e-05
007dc54bdae3628a0f209ecb56c319a32e2896b2,4.1363705e-07
007993203e329bafda75acffc0d0439c930b380c,4.096061e-09
0077fc3995ac6ca1eeedbf9b09ded6c3465c384e,4.2889877e-08
007be4fe08a650b04cd75212f077abf254f5b1cc,1.6864635e-09
00728b82ab63cde70bc6e0fb312adb19ca8be826,7.8769126e-08
006f9acc85170501cdd0ae43571c97bb9ca62d67,6.455711e-07
01dff8ea34788c9deadd04dde864456f17856a5d,2.2712182e-07
01e07e6f8b26ae0823b8d8fd53c368db354b9ec5,1.7211863e-09
01df71b08617f95b78781d506e516899adb5a47c,2.7130962e-08
01de75e478c7ff5fd12b14f06b98c28c5aac336c,3.4998928e-07
01de2e31e7c242eb8d2eb7979ff16dac4ac465e1,1.5801878e-07
01de44ea358e1c73ac52fb322153ce4593bdd94a,1.1237633e-09
01d8d3da95f59cd3f962f2ff0b4a28a2bc59aeb8,1.6394474e-09
01ddd0f656901c7f1c724a00a75bd1f725f46192,6.026478e-09
01ddb1842db5ff899c32850c2065bf897b6594d7,1.3458897e-07
01dce0bb863c5140e2e00ec1ccace331e06b1d4e,6.094054e-08
01da7c74edfaf2d0174b171d15dbc17bb518bc0f,8.632548e-09
01d727afbbae89830f9b52bc538465390c4c9f09,6.4570744e-09
01d44acbab111012a74161215b71a5d726381035,2.6663862e-08
01de27507277803efe78ea45aaa9748ca27a17dd,4.3763343e-08
01de1419f471f8eba177edcfc78399ffec0d7ee6,1.049005e-07
01d7a79632d437df0f0e7cc7746b6c9ac338ead2,8.553516e-09
01cf1c34e610d68bc2fb5c029c890b3ec1a7c5cf,1.3180197e-08
01d0f2dd6047477ded14fda728bfacca3d0d93d2,8.646218e-07
01d064d06f7a1c9d0ec620bd6b47a8935098f970,1.8846626e-08
01d396772f925743c7e48c0b5ad2563b11751316,9.820303e-08
01d0bc282fc3dd74b8c648cf194249fcf2a36a90,1.1300126e-07
01cc9103f93d49d99a8d8e4ac5d14b4f980b6630,1.7821011e-06
01ced20e0c7c5e57c940e100bd708b13254a4ff7,8.641264e-07
01d420d68f83da64d75a2bf98938788f9bab26e7,8.109223e-08
01d3a64bc2d59f8d3e0291a9920aeeece5334f0a,9.288513e-08
01ce2c3105a06580c15f854c25ebc24be98d2bc3,4.3776364e-08
01cc46c12f2d5801b13f8bd875a39a5d6dceff77,4.740147e-08
01c8dd636d856adb34a2bae2c12368edaa9a2222,2.4791113e-06
01b6b1755703f5adcc1e3aca9891f80c084ee075,1.4120059e-05
01b8b2427e252b64b8c56d4470e5471921dbfa75,1.6961975e-06
01c518eede2c7d9f28dd23841b524d7fef74abe7,3.422193e-08
01c7cd258540889042cedd402c39b5bc19b10662,3.906389e-06
01c2d67df9a3079a310049bdaba56d34bfcca81d,1.9619682e-08
01c361ed15d908e4bab06f5b3f38ffe5d88b8a3c,2.1918798e-07
01c101923bc51ea1c430d169c6cdbae61b099f24,7.146418e-06
01c5a98a4683461407c8f08dbb597b93110f8eaa,2.2029026e-07
01b3d6b9dea7c0153f7cc6a9d22e5279b9299ddd,6.3713664e-08
01b62e1bcecc43b8a13b276d40c62b9123dc610d,2.0244202e-09
01b188ea4af53715011651229b21587f224d0b0d,9.084064e-08
01b6017fd935a31357954fe4b11a4c6e7d205876,6.400242e-09
01b68ad1a45bdf5eed7275f14545d64075963919,1.5684087e-08
01ae0deef70d5635a4f8f5419dbdfa0f1dc49048,4.5034103e-08
01b0e450bc9480e68106907863242ca2f7a50a20,2.0518434e-07
01ae659ca5e108d124b8e37a96820eb3fc3afc21,0.00051821553
01adbefde598ab63de069a0d32bc835bb27ec00a,5.7711085e-09
01aa5a31d859ab9e034a4b45228840994450701c,5.1767413e-09
01acdc8f00996b451279cc6692cb33d1edb97314,1.7502437e-08
01a7e1c25854a67ce6fdee91a968de0c38bc0391,5.2315725e-09
01aea3ee31951165b34d0790b677e07223e4f5a3,6.932691e-09
01aa6fb0d5d60162ae5d95b00cd1b7c67aff6a62,1.3475325e-07
01a99fc8c5966d7158568fe9883b84c8e6ba7035,2.3694928e-09
01a73b33f5090de01a568a830c16764308c63da9,5.629977e-08
01a555755d725adac7a9ababc3690cfbefae74cd,3.1366277e-08
0240d940fe694d84a7d6cb0d56c47f2141c9ac00,1.7435433e-08
023efab68af49de0538dcd16fa4a262a13712e8c,1.0282108e-06
023df0aeb9c7f08f0ff6ddd621ac5c6ae0186ca2,6.796814e-08
023d60a63c8e2306baa8d7439d3786e8918e81ad,1.3906418e-07
02392fdd43cb1bb8c1f13086710bcfe0497ca178,2.6252304e-05
0239afee848c246b834841cf7a946414103b956d,1.6606982e-08
023b463a7072609261499f6c2ae596756429982f,4.3270518e-07
0235242696bb337fe767bc888f32273dade82a9f,5.5299886e-08
023888c80243e77e7924dd85bb2adb7da10347cc,8.480771e-09
02339ca5a48ada76d5b180791dd183f64c083e4a,1.5176566e-08
023485bf92abcb7ecf667ede6d25a30bc7195b80,1.4057327e-05
0209a3bb8e0dfd5ed703738df4df712be9ab0b0a,1.9256764e-07
02097e6ccd860822d1a6f875417f17922507197f,9.736244e-09
0208919d729df980d51ac3f980af4ac84565895b,3.5959675e-09
020afe6784a660bfd15319367cadf52f697645c4,4.0601126e-08
020833f21b1ea118694825b3913698b2dc55422b,5.949157e-07
0202a7128202fa0e35121e903ec62c26ddeff767,6.548159e-09
020b9319fa45645d7dfdfbde32820e34d32bcb6d,2.3639976e-05
020d4de2a266e76f44aa104efbf9bad8dd1eb937,6.378564e-08
020a77c4f3be6d87637d46a2198b560360f64704,5.9700187e-09
02110bc11feeb155d5ac50cde567e863099c98b5,4.0424247e-08
023bc92c515791b079330ce907f03ed77b1ba8e3,3.6219543e-08
020063c3b5eec5c7ad34f4ca57a1c6beec1e750d,4.718766e-09
0201d70a0283139ce3d7b9b672f9bdce7d891210,1.8935052e-07
022caf4fa260e46322974b9405a98b4c2971afb2,4.3915355e-07
022bb4d7be3da876d28825fb8d030798036285b4,1.7692302e-07
022bc24e1d7f394c457f4c9016cabfdaf7d255d4,0.00036430277
02297532c5310e2b169fb11b89c69032adb40b6a,4.8122594e-08
022a30ac82a542ab8bb33a4bfe7e69f16346eec5,3.442448e-08
022c03a298960f028df2e81c4f4da31b4a186b3b,9.235142e-09
0233e5a15e176eb55dfdfd2cf3c4cfa4ec4bd2ee,9.816569e-10
01e8fd819412dd5c0a22e525379b80ef616e05db,1.8628478e-05
01e5302a1899e66733b64ac6748e7d8b03318017,1.2114563e-07
01e903cbde30a107f8a45f6dfc84d0e7268a2a6e,3.0025255e-10
01e5d5985d6d5ef834af90e67c8a61da152e11f9,9.1281755e-09
01e83b5aa36588f95cf6869f2e4d12343b07e8dd,3.543297e-07
01ea8dc50ec0a8cfd9752b19712dafcf40153fde,3.4337983e-08
01e6fd8396dfa2f045c418ec85d35d716be8f667,1.8933061e-08
01df569d08ad36193b0e92e461d2fa797a33109f,7.780052e-08
01e043e032e261c984b261a4e491c04a16da8b08,3.42379e-07
01deadb94db7fd9b46f758c5d4759717bea8b908,5.6484016e-08
022d0fb77fb842b0760c478bc15ebb95f0537070,6.623227e-08
01f59e1c51a43328a4090c62417effd8d22b7719,2.7236274e-07
02268f55ba864b43b24edf540272871673a3573a,1.4079386e-08
02284d3915f63ceda74e4f428604bf31d01230a6,9.2551424e-08
01f04203a817b9f2110f6f25661b21251eb64d0d,4.4587867e-07
01eccdc1ab687d60f59621b9c94b35eb2bbd6bd0,1.5110413e-06
01f16cba96fa41a5fdd515402f2b0a45300b34f0,9.034969e-06
01f13fa6148d4d4f1e2424774a1746dfe586b38e,2.761976e-07
01eeab8b7529f806ea042d35795c57fee358c8da,1.7058253e-06
01f092edc1dfb4396d578938f20fb6962c291f74,7.140769e-11
01e3c1d936b9e5520d2480598daaaa2301b93aa3,6.935107e-07
01e2414230b8009b36b4ca9d40bd60828e9badda,9.934868e-08
01e47bf3665fcedf1afc65fc0e625bbac9bccd4e,6.6653487e-09
01eb94476519e71d3a777bee078ecea25f643c4a,3.3335695e-05
01ead7898a66f9f88437e3151d6c9ece92630b8f,6.473636e-09
01eaa97de67b92ae201f0ecddc93787f318bf6b9,9.683424e-07
01e23674cad3a7645a95c88778d82be92105c302,2.4499852e-07
01f4016846425ef5f54b94e74f8347e4ad090c39,3.1346366e-07
0228bf5ac069505a2cca614a2712c1397f8466a4,5.6847817e-08
02209b22a9f76ae0350b89e9bdb59ad92a9ac597,2.0696837e-06
021df09464b3b49f9919688d90a613308312bc20,1.0822339e-07
021bc36f739df67384bdc9c09e600d5af02302ec,2.3243286e-08
0219def034294e4061bb76c0151e4e537959eed3,2.1227547e-06
0221863783470c8af87cf7e4562f97c1a439c1ab,1.9643349e-07
021e5c3f5ff26086c06f7d77775b9b218b79d417,6.3792946e-08
021ad88bba77393820187941bffd5886ff5d034c,2.6563798e-09
021e4959bb1960c496a582ac86ceae68ec6fd214,6.756381e-09
01fb0406af49a7998d7e932c75aee869aeb3f868,3.3262797e-08
01f829d372e641c01f263b6a3b50cf0fff4badf0,2.3020248e-09
01fa54bedb9a23fb2fd0abd78886e115db7cd298,3.0931684e-08
01f5d9bc6a4b8e2a4f1919b6e90f93d881c9cd25,5.225918e-09
01ffcdeedac4fe7334eb2ebb17dce9a08f31d57e,9.281004e-08
01f44322d123d1f8bbf4f5fdfcbb3bf1f8993aba,7.517908e-08
01f5373cdb09a47df5870b5da0e6246b8c9c82dc,7.166143e-08
021ef20f7347713ab290b606909fc4350a5a0966,6.2998765e-08
021ac60e4874dc2a1ddf9f61636abaa9eb2eb489,1.3580283e-08
0216f510095d69c2db37cf9b84c6c4f8b0cba7dd,3.8731812e-08
021465e17d51ce7fcf2bee93c28adf2f4c7a6cf7,1.07171045e-05
0214fc84700fd4a5c162f06a5b10670387e2083e,9.1044804e-08
0214294e6f8dbf26d1e28b709a0499f08701956a,1.5563694e-08
021677bdc8e11536d7c9a6c0d2e407611e8ff672,4.1999422e-07
02163f2c572c1316d688ae01fdd3d28f2fe181ed,1.8217186e-09
02180df71bc4325e4ca2ffdb84afa29d59bd0244,7.79074e-09
02106289b0a29b60674fef954647c32e2ddc58ba,8.859174e-08
02108f6b6ec86a4a1c5ccd5fda47aaecea4aa324,8.698848e-08
02068ef427d621cfad3e95cf7dfc734ef1626e4a,2.3726066e-06
026326ad28560563166fe702ce1ce8dfb6fe8d09,8.7690694e-07
025d31ad121f52ce4df845a5ac66cbed975eade2,3.462493e-08
025cf4e086907d2e1ea9793613fc7caea03a7c72,5.058715e-08
025d0fafd4b037f46aac5121abb4fc888cc2a9a2,8.8395234e-07
025ac8aada22103535cb482408b599713600c0ed,2.9266022e-07
025b9921ea8a35f38a8642e4d917dc176b2bacaa,6.7483334e-08
02556d2cac369da245c37731ab32cd2188d49e3c,6.775328e-08
02581346440f54eec68e51bad881340e297e8a60,1.1306181e-08
025e7231cea9f5fe3679ec1f1072cb6a706f48e9,3.898915e-06
025aee2aea6d5887b7542b4e0f6b3196127f0058,1.4421661e-07
0245e07107f05ae3dd59fdc0caf9b758214447b4,9.102202e-09
024e75c0d182bc0d17ce0ed24f9c13cb33b68cab,3.0888865e-09
0241e1a9d5df213b843f873181fc41c51da7cb7a,1.0704313e-08
024a593b9fbc14ef0bc9a4c74245a43868683676,8.100505e-08
02437b7eec4e70f445793115a751d69a8f0e13f1,4.7132184e-07
024626b7ecf484e91c3e06322af49d6574632bfe,6.6320375e-08
024919bbde0202bbe40c0e6b5926d84390c53938,1.1371469e-06
0243e4a65a2b1d9ce4c66b8d38b7b619fe16afa5,7.0535157e-07
024ccbd7cae632ebb83f7700846cbc8ce6565168,1.2093588e-07
024a78a70707975a83d5dcfc1cfe63b538681955,5.765532e-07
02595caf8490fe3ac7893a4d2a84ecf3a7900c78,2.9175364e-06
025387ea5342f2ae023bbec39d2affb1c5e25a07,6.607908e-08
025337dc70dec84bbf133eec7f42d36b93689f74,1.9026196e-09
0250083979f11f25888b75f566b4281dfb2678da,3.7207457e-09
02507d42540da57538ba61876017d16f267ee3ed,4.1621468e-07
025199e56ecfbeb07523105ed68ce0a99ab13f34,8.697607e-05
0251f529a4c937ebc6fd4544efbf8327986785a8,1.9867354e-08
0254b22949171b1a78c75d7b69679080f2deb975,6.895452e-08
028a1c033da8d88f42e2416ffa69f4043730a690,1.10806106e-07
028855ac2b4b93b5cb6fd7d9720c405c008962d4,5.5165873e-07
028918c655193b1e13098ef7a1a494cf8d2cfd88,6.508907e-10
0287965b56530b10ecf7b7b3c768182a3402fbde,1.1859034e-09
0287c7a33ec7be3a15863798be9cfabcaab760ba,3.102706e-07
028822828c353ce5c6f3a9af02312b942839a0ff,2.4990245e-06
0287498e94cb79dc6a4ec0d1c8ef6723d6fe9ff9,9.844364e-08
02863b0c0e5ffc96a61bbe6e14f4361e4fc8c7ab,5.0609884e-07
0282ea33b1bd2920bc529e0cfe2cd64bb3799491,2.802489e-06
02847912775b2dea97bd46ec649a127448aeff84,3.0956319e-06
0284125957de72b1f3cae193ac728653e1e8e547,3.832737e-06
0280f074843aa8e7c553b90ca5d313fdd556c409,7.4698534e-08
0281bd129d84af40a4cfa9b1303e04e33214b84f,5.1485217e-06
027cb842d6b9d723c8168109d9f82703f9cab28e,6.923371e-07
027c6d1b51729a8c1de821fbdab1779bfe4a64a8,3.3863124e-08
0273b5334fa4d7616ad8a571e81f956bbfe0b9ba,4.9725318e-06
0273ea6c7fd8a10d7fb326b2f2128eb38d35a6c8,1.6556731e-06
0274cd6c7c6d03bcc379c0629fa24f2e2e20ca5b,3.2468768e-09
02739c899f69481c8bf518b224bf076a05ea1448,1.7940646e-08
027343128ea1e8495a3c67632036b7de6ce2dc4c,7.620306e-07
0273b8fa673e565612efe6313a5fb8047c999677,2.6681116e-07
026fa977e6be1ab2837b07ee133248f3d4187e8f,1.892879e-09
026d7bf28b9d2918a552682c8cd7e906871d5f44,2.4072396e-08
027df39330e69e6926c1e8d4387e33a352b9c343,3.5735068e-09
027b3cee8c73419eafe2758514083ce939b64017,6.624187e-08
027c396c748e4172fa1fe6de6c2192fd80d8983b,2.0296455e-05
02793105cbccf2d7427cce1a3975d8c27252b12c,2.6702718e-10
0276f075580cd097c50706ac4e24924fc10b18a0,1.0826279e-08
02731a174eb7d8094dc3349c439fa4de7c520ef0,1.3646651e-08
027acc68f9800622194596b0529c6096811f0f21,2.3579613e-08
0268a385137f3c836ad09de7185003f8347b39b7,1.7998769e-09
0268a4d5b05b233d22f835ef2d2599af1068d986,6.409231e-07
026678c7e7cf86c33725224798e6706af3e0f4ce,1.8294067e-09
02639f628f6882ada843e715bba34e8b8e414ff7,2.8237674e-09
02653aa8e1b45d7c6b8c279b925e35b0e38b2437,2.7181858e-07
02668d0863ed61d9126d115cba5950dacdf4ac21,1.785736e-05
025f9d8d14245d872a61ef5af78cf5e6eb2ffbd1,2.5559705e-09
02628fe7cd5377e0c0b4df6ca9fa7ff9a5c4c38c,8.303048e-08
026c5932c84692dc3d10c9281e620611678fa530,4.1897448e-07
02768cd7e85030d0acc7c390a48dad9600e341f1,1.9436652e-06
02d446decb43e5f3528d52ac3afa5088f43d581b,6.3387785e-07
02cff25a0fdd81c05561fee77302289a9591e21c,4.6861114e-08
02d407f4885fc3d15a4afa859e2fc6f1d91d0890,8.196244e-06
02cfb7f393c95d5a1ecba6776ec5392e21e1a8a7,9.1264e-09
02d204fcd694f8b647e50426dc7842286b57747a,1.5742029e-07
02cd99c4f08bca33ce97be84089814e4259f3c3c,6.184204e-08
02cc34c73d23b863637feaf8329de626e8938d7a,1.007228e-06
02c94fa2f4cb053cf1112dd285a484a6ce3d571c,3.542076e-08
02cae5d0d95df4929bb8d93ec23020c910f0ed32,6.067457e-09
02cb1d781fa2076bd9abe60682d324efac57758c,7.609473e-08
02c61200464e638f3285fe2cae04d8bfdf2af419,2.7936562e-08
02c4da1a990c439bff360d80d945e2606bc200a0,1.5440082e-07
02c5a0ca432a2e725dbd4a73243d4bcba64c384e,3.7098555e-08
02c5baba5f11ba797b50619094d1ec3a0864c73e,1.13293254e-07
02c3e6ab9cd2fdc3e3c33b7685c0cce5e48da367,3.092602e-08
02c3cb4b6be069d6fb48e32bb5cb06c324b58f9b,5.1559104e-09
02c250f7306b3ed5d0423b44290c69391e850000,5.7913674e-08
02c8dd8fb0b087222e93b67399d7e37bc6105497,3.8693935e-07
02b4dd6b79a4dba5dd4ed2df10636edf2f67c7db,8.974855e-09
02c7bb4392e5bde597d409ede22806a8b9ca85c6,2.8529756e-08
02aa64ca1322b9dbe06963842a8f4ffbf720a8f1,2.4352715e-08
02b7df8e084e45621bff8c94b50c78fc97bd5abc,4.592466e-09
02acd3c17d768f7934afe02fffcf67d9e1bbf7ca,3.3266222e-08
02a7d5d04c1c4f83d93189447f0db9ee12c77177,2.0119441e-07
02b3bf12a5552a732503940f8a88a5003b6317d7,1.224132e-06
02bf185d89fc0fe28dab64a924b03329f30f039a,1.4193448e-06
02b59752dd6830c0a386f5a63af4d375f62647a1,6.6838743e-07
02b658a715c38eb355cefd1f349460dd5ace120a,5.982215e-09
02bd90db65e8e5ed03ca0a0049ada8c91db0984d,1.5336502e-07
02b9e6dac38a9cb2d896fa3e0dad3e6a563c583c,1.5167255e-07
02a2d9e902a378ef10f004cd5fc3c8edae70bfe8,7.034428e-09
02a1ff3c3d06c7383728bcfe8053c66284d7af07,6.919179e-08
02a2b3248e890c73ee4a4fdfe7b7d5344853f04d,3.4854136e-07
02bfd1aa19fb0e1279a82aa81ad1eb210009a2f2,2.2092266e-08
02bdb1682bdf1a715223f131dd5f6a77ca50d43a,2.4373333e-07
02bd25172e8d3e6b79067b0439860c01b1c42259,7.3410104e-07
02ac0a9a3edb0bd736ad1a856fcd79c447db3791,1.074461e-08
02a6e1812bfa1027fd592ef78672f229831c2c95,1.7017772e-08
02acfcdb6396492a7921d52b9390143d33a15618,1.36732785e-08
02b0980670fe400c5cfb3fa13529e718186cff1d,2.0062323e-07
02aa1680dd29fb30680c5f8976aab8de16c3ae68,2.7714504e-08
02a6ceb3922810491b7d6b9844f8b45e68e9b145,5.595396e-09
02c3b6b6580a36ca927fb8283c8d8ff1d5b0da52,2.0349692e-07
02c18c222d369c626a009734dcf77759d2fa3feb,1.2497273e-07
028f0148b28b7043caaa20ba295e669ff45ea303,5.703027e-08
028e7bb6dd20abe7948037ee5ea96ad4eed81c9c,7.629354e-08
02901562d090f65997c975550b162ff73ae1ae55,4.966608e-08
028e2e8f5889038dad52a34cbc0ce60078d7b83d,1.222624e-07
028f920ad28a258a9348be9c3d78def0765f5224,4.163393e-08
02891e437271e689fd49d23555d676f4bffc9d47,1.6061621e-06
028c946c4d386d4e2a91d9f9b50d262489d1a32d,2.597625e-06
029f0b7ed99fc822cfaac322f6dcb1b0f126580e,5.8076824e-07
02a289c6650f99130a1f0df2b84b79fbaeba8195,3.437232e-08
02a19f99148061d92a4cc7eb0b273e408678d87a,2.6124837e-07
02a09586d9b75076712b6db507684ff79fd01c60,2.8802374e-06
02a01ee5b0dfe714f9746baa372216610108d429,1.9609607e-09
02a0585acc45a5476c6f775e3e0c5a4c289fd183,5.5587527e-08
029db4838c3054a07117981d50dcbb08df81fe07,7.7757693e-07
029c8bd18f7e70e2337b1891dc87edfbfe3f3d29,3.1740043e-07
029e1391527878207a7c28d37fbdf57cd81be1a4,1.0079874e-07
029b40d613e84471e64631cce2a5cda3bde4f803,5.795057e-07
02981f101fcbc367ebeed71d5669172fc02e0d87,3.0428043e-07
0294ef5a203a596d6067fb54ff6b90399dc45b0a,1.1995311e-07
029916ac4a9a145cd0f66944048f3ea664ab4c87,7.406152e-09
0295a700188225b0513ee8c1bbabda13cd7d4172,7.6661194e-10
029ed869cbfdbeb77bfa5ba84ddd8d7e50a2e2d1,5.7057907e-08
0297a67758350298d69911c47b331d890b76562a,8.136188e-10
02913f33511104000b862e561ffdc9f861f2e7af,5.808603e-08
0294c4a842b7d4c193177b0c434b444e3cce437a,4.9240964e-07
0319aaec6e5dfae5e2c07079509dd9973a0d8855,1.0042853e-08
0318772ec0beafd22c60d1c8506487092079902a,0.104288094
031552316370584cecfebb041292cc7458a33cea,3.6264458e-09
031030e5332942d3b1e33e5c6323dcddcedf8cf5,3.0877023e-09
0310a26b710a4714c2b4b0734c64cccc0e399699,1.5443248e-07
031c897f60f6b00d81c72f6c92807c5059735328,1.1061943e-07
0319a040b27fc47e74fce114d5302e0dd9594afd,1.710207e-06
0318962c727c5f0cd5e51296f58524b9ef0a0075,1.1452547e-09
0318ffdb79624380ea716c9f4498e9732eb3f8fc,0.0033577923
03113ca13f38d61353ae652a56bcc0db4135bf5b,2.9480168e-08
030d89004362ae331febedb67fc78f2171544295,5.286539e-07
030c7e7548017d0b2aef09fbd1756d7bc2c9e6f5,7.087405e-07
030b407978bbb325e505dcb068ee37b2bf31bfc8,7.989016e-08
0303cdc835e0cd4899884182d13d7b6ff0e24ed8,7.345086e-08
0303f077c564a51f9f6b0b9a10ac7c7f516aa875,3.2314554e-07
030a562066c1dbc90fb6dab3894763183cbc9f52,0.00015652888
030b026f03f17ba1c2dc22658e3a2577956cd893,2.2292223e-08
02ff91b48e2349792ca2fd547210d58148ff89a3,1.3803801e-08
0300dedbf24905eefad6da9b9ec9f3831070f1c3,6.665326e-08
030190fe9446a0e4cc429be2204ec07489cd4ae7,1.5847512e-09
02fe28f6f44c5d553f09ee084b40fe2ef95f9e20,1.0687465e-07
02fb7b8ac5308d912dee15f58cedb38297609df7,1.3641104e-06
02fcc432aa1f7ace1c068afcb7aef724f3ba31dd,1.6864007e-07
02fcd6a7fa2f36267a897ccbc48fd90044a19296,3.5675668e-10
02fe9d89e0c527b87a126e140dcf1d9dbb6a859c,1.9145718e-08
02fd77d520d6e2eb680de241830444f177249710,2.8029865e-07
02fc7662a72b0540525ec723b9f3acaef7d94426,1.1117252e-08
02f79677a35f5c4b2a20d993fd084b7ab0b5be6b,1.0764701e-06
02f9b11e5581342419cbb763e9a5f3795b44d2c7,5.2647987e-08
02d7f32356f102972d2309e91059e88f8a4eef8b,3.081016e-07
02d81b0f51b834dfa6a2c6c6f3d30e87651d3f37,3.410477e-08
02d671f8426e29e47d1d61941dcbcb3b97ccd44e,3.134377e-09
02da8928f9edb845d168b8ba62dcdf9561840a79,3.686947e-05
02d5adbabd0901d0657c5825af55c72309da9c3f,1.3396245e-06
02eb96d84d2db82cf19e8dfbc0075ef3c544bdcf,3.277016e-08
02eb9473fb62f7630bcc5594f05a3b77961b59b5,6.935048e-07
02eb9db8084cd8badcedb46cfaf1214d82352a98,6.306784e-07
02e9a20c74ea2d6026123c72f26a88438dd9df02,2.1577303e-06
02dda4d3f34086b9b46ee4cc6894670c9b358cac,5.13117e-08
02de8615924bb5cbe19baf381e0829429a0485d4,5.923183e-06
02deea316e610a1d738711c854808ff566b0ba30,2.0909075e-08
02dc10f02b38e166946cd78e1d6a06f24c41c4c9,3.5377482e-08
02e90efe5cbe5f3ab246f8393b18a2821f56ddf3,3.9979593e-08
02e63475f2fd68cfee0f48724dc8a16d1fa94a6a,3.540671e-08
02e3b5f9445005e774233249409c48ccaf6d4dd2,3.6547543e-10
02e4886d0d7af07876b437925a2eb402ead8c53b,7.782026e-08
02e00011e701bf79840fbe38dc5a6116dfeaac5b,1.0970019e-07
02e8a41c88db675531ef973735bc5b8903c06cf1,2.541862e-09
02fa9c2610831d513588f0f5e9d2d00f44473c8b,8.840637e-06
02f37b644f5da200fb4ce64562f9b19cb02fc9f4,5.138854e-07
02f2593d67bea2e0ae015cdbee29f97459612a9e,4.0670182e-07
02f21d1dd669d181922a3005aa8cbac04ac5c9ac,1.5708029e-06
02f3ba3e26bd3e63ae11c55e03dad8fc0bece1d0,1.1047105e-06
02f26fd10d420706b879df124842d210f5cf6e02,4.299428e-09
02edaee56b06276a079d879a776f86c2c982687c,3.3909862e-07
02ed5a2e032ac53c2c398ec3618c3089f19c7405,3.253066e-07
02ed328213da5fa04ddc854fdd7fbfa8e9b36e0c,7.7114703e-07
02ec5a402869c83bf67da076cd147cd6ba4963c9,2.1625452e-08
02f0bf2b547a4aec23c99c4f5322184bdf4a1aac,2.2249196e-07
02ec3dfd348e334597f5f61b3ba6d364f695fbb4,3.811582e-09
03c1c6d823950cd6bd1bf0998da143c10a882a1d,5.177336e-08
03be2c56a5aa537a9b49c2a0821c47a6cfe8f54a,1.822073e-09
03bd32238c1618349a516af5cacd7825dfa45abb,1.0432411e-06
03bca753870a3609158f79b229ef47ea3b10fe90,2.1653707e-07
03bd172ef3592541aae3679f6cc2836b3d52394a,1.2783238e-06
03bf40f22e749f23368663292e9461914006907d,3.3435555e-08
03b99a9187ddad1e063e6d93b01cc696cf82e01a,5.5177985e-08
03ba3bf3416d38fb4688ff0f01237dd65d90a892,1.6074431e-06
03c07b9bebb19c77d85effbf303ecd55c33c6208,3.7376955e-09
03bf8cb7e25993701d86fda6c60ceac84951cf76,3.5902096e-07
03ba46548fb9507b35aba4fa446b187b0d73b0d2,1.0160074e-07
031fc7f4fe5a392b7dacf9b8aaf73ddea3f28fd8,1.9881136e-07
031d861169d002497e3782c61b9855f70d05528c,1.0528191e-08
031e40860e8712a0e946897b488c0a30534b38f5,5.169501e-08
032154ca6d1e1daa4388c2c3d71828a4763bc99a,1.2768966e-07
032096aeaa5490423c4ec8cf8f78c9eeb9c9d8df,1.28464235e-08
0323d53fee4ae08674dc471b65a7451e17c9143c,1.3695329e-06
031d2005c10a53df56cbbf02bb50c9dadb126b93,6.7216587e-07
03b7c473143489ed4c5a5b4e9935714b65f237d1,9.931456e-09
03b73a765c0796a2be79f95eb597230bcbbcb7bc,1.9605544e-07
03b899db5a50bc09e3bf7a85f8fe6e2c4fdef61d,3.0942311e-07
03b5e5f83a3596491fd8b3adebd1882738499eab,1.2853483e-08
03b5fef30ea1a1c284359633e8245ed2ba1a45c6,8.003108e-08
03b3837ad27e7d869bc2e666255f7c98d1955f3c,1.7221723e-08
03b554120812bdb48b8ffbb621931203032a8a6f,1.5613766e-08
0325221aae807ef1d69a7c0b58149f15436fbd70,3.802827e-07
032bcef9055311297d0453d0589776e3db74ffe7,7.446297e-08
033226a0082aeb8333f0fdb710d0562fa902232a,1.0933336e-05
032cf076407788da1ecb6f4281c4171e304e2937,2.5371089e-10
03b98e357766b74ba32669d1b715f6bf4e7abe9d,3.6414022e-07
0328bfd62a47115f2be6b80c6a3a4ed4bfd5db47,1.369465e-06
03b8d599bd118efe2ee6c815a884f2521e6e18c8,1.0475239e-06
031f04840a11893878ccddd55228848d51d95c3f,4.9674608e-08
032546ad4f0b4468fea104fc321c518616f81ddf,8.982317e-10
032642a0587e320dda351dc8444f363f66a62803,6.720717e-07
03261add833dd13fe7bd7b1f7c9604e8f75af85b,2.367902e-07
032a3fab781e511c6fd448a164f5e3bb950dc554,1.6957772e-07
032d4df53e45f42931b9a2446777d1fa5f4003a1,4.4472273e-08
0328ce720e554559fba88341f5db4044e683b8ba,7.492156e-08
03b56b4b409b80c0839e95b6dfaa1981820e7f57,1.39396095e-08
03b340b9d81ec7572598d2c0bef7e304dd928859,5.460607e-07
03b30c0e4eb807d3d7781f9261f89271c35b1fd3,1.2203583e-07
03a9253029edc337abd106cc65f7bb3d42bf1eb5,2.5635147e-08
03afa462b6da46e61f9afe8036472a60ed20e0b5,3.4307607e-08
03adb78bdf870ca75475dcc0bae8e4d7ab4f6672,4.4217978e-07
03a622c9fc4a5f12b74d4fa21340aaa217ae34cb,2.4840568e-07
03a7f9bfb99a4ab070f7cb871b5258779196c91b,2.1825317e-06
03a4935c7e855ff26972431bfcf747a01839c4f6,4.6487482e-08
03a624cc86bbb614799994ac53ef6cc265de8c24,3.1541765e-07
03a5918939f0da536da90ad1b9b62f654384bf47,1.6386956e-07
039e4f8dbfad5104b680ee0dd3b5a7ce33bbf2e9,1.1728038e-07
039cc09036a528ced9f4b3f743f0d33558d3ddd7,1.0264101e-06
039d728b01b3e1c99f2938a3a6b0bfce9bd2c64f,3.6693243e-10
03a0b241597e05c4ef8ae7949c7c5cce028803a7,1.679448e-07
0396f90011f661d48e1c22bb213e5e8c1c5f0cc6,1.1864943e-06
03a062ac8954eb42ea1ddc0d52d61bbcabcb0092,4.8151683e-09
0397a32ff1d78134eb28663029d2834da2791898,1.1812218e-06
03a2de610ffe0284de4fbd46b73b6ce019f550a9,1.3723425e-06
03a1a9f352968b748772292843ee85637501222b,0.15559581
039a9484ab18d7dbb4b47c7a86e4c06058419534,2.208926e-09
039278ce7cf46415eea1c1397dcc528927f25b00,5.378833e-06
039003bc42701337bf5e9bb1298779cd2b85ec8c,5.6537477e-08
0390b9ff2fd0abbc3a08c77c49c2063cd538e027,1.1718881e-07
0391c1f4a80986e5b3c3f84b8b7b0bd762c7bc17,1.9125955e-06
039636a948e7fa6162f8131ec95c22b65a21de01,5.49245e-07
038f5c11cf1630caad61d96590ae54b4ba07265a,1.335883e-08
038e77b699a1604b53a0d8c101939e88e469f096,3.4927925e-08
038cb3490a3153fbbae26a539c05465b3eae153c,2.5532477e-08
038d407b551359ec2f88d236a8fd1786d4f30251,3.0345993e-06
038c0f1e14ab5c36767e6cf860a567c2a63491ed,2.0988096e-09
03894020daf48864adfd92ca20e6e439054b83c0,2.9684095e-05
038d8010cc12459b3032b7a3147defcf78037929,3.8334497e-07
03873285a2ef942ba68b1aa61ab0db535d2d30a3,1.6258595e-07
0387a0d363401f26bdcd1950ff568d704513c689,2.0206976e-09
0386743c9f84060118441dafe46c112ee56f8943,4.3650297e-07
0386f01d984309fe2e28a6662f80c427510e195f,7.8803836e-08
038505027088a021a271e077251d7bbc68876327,5.1307006e-07
0384fc68db5aedfcb01af8d9a061a7fca7f9bab4,2.809114e-08
0388df1642717c47881ec40de186ce41cb499a69,5.9779e-06
0385674272e8d05e365946d30f244bf98665cffc,3.030253e-08
03832151ae2c4ab8b2383bbeb4401a5b3b00b513,5.3462486e-08
03848742ddb0ed5a77805b25e189cc0a45cc206a,4.236978e-07
0382c4e1647e84b45e2c3c4d2cfef15a058d487d,3.951894e-08
0382fb72940e635600821b9d2808061c88c0b4c2,3.919443e-08
037efd9269742aa7a7156a62c345e80f9ecb7fd7,2.3065859e-10
037c3c142227a7f1ccfa7662174a29dc748f26af,7.5725666e-08
037c9455e03b6f8ddefcc9900d4c1595af490ebf,6.783963e-09
037a9e57445db139b36b51aee9662a25ffcc034c,1.694694e-07
0381b85b80fce4e0bb3b06ca696fcf559d79c2cd,7.702694e-07
0379dd0fb2e749985f0edb33d950471ebb5f3d2d,2.924032e-08
0374481f4536eb0842f7cd5ffa1519ff542de504,1.5554785e-07
0374c25d4ef62ea7d3eb59784a6b314dc7c61696,4.6762633e-08
0376ed9624fe50f0893100dceaf22418aca6a765,3.2628197e-06
0375894f65f47328525a1648fa8209d682c93fa7,1.4531717e-08
0375ca81978299893790e7ab5876701ca13352f1,3.756867e-07
0370a30b143b97e95678dede0653638347dc777b,1.3767428e-07
036fead797b6beea2ddfa84321eb3954d67539b8,6.503112e-10
0378c3cac2cda9d34065c04ebd3afa48753b46bd,4.578737e-08
0376cac012bc903394b8ac90412bc4bb7bdb6e85,1.2323028e-09
0373dac67720b8c70574935491e3414f394e0c65,7.683998e-09
036b5136ec2bd53e9be0077e71f4f1bf5e59950f,8.64446e-09
036b0a289e84ecf1e03aec55a85c3150b0f8785c,1.3505327e-07
0369faeaaed451d73331f393e6090298ad1bd6b5,2.1811451e-07
036d1b25764386175b1da580d20ae066a95087ff,6.984677e-10
036ced578ec63a48823b9a7b2dd2a24a6fef00f8,3.9299826e-07
03691f636b34bf3d9d92abf4212fd4c0f78742f9,7.3825237e-07
036916c7cbaa7a0383c61e785f2a741346ac6e7e,1.03990295e-07
036725d16f5ec11dc2282380da7647ff4cf5ed73,2.112971e-06
03676befaeba74352f398c047e6876499e5a2657,3.7897405e-09
03683cfaae1a0fcfbd04111898a0c9ea48aea556,1.8357083e-06
0365e006696b002aeede192ab921c6652101c569,1.0439611e-07
0365b55854327feb31303f7827b8f72f92b996e7,2.5022578e-07
03658ebeac35c0cfceb6a3654faf27057c5211ce,3.410386e-08
0364bbbc65277ae51dc5208d112674c5736ba675,5.0390987e-08
0364d27315a1cc19e03309d04c35fcbb058e807f,3.310431e-08
0365ae3ac0c17c962f18f67928af07d473f69e43,1.8391583e-08
0365713987f672ef3494e350dcd3b32f7a60743a,1.5415768e-08
0362e8e00690915f6074382fbc71011243b6843f,3.720499e-08
03621d2db8c8ae2302cf07b440b3fbd7e7d31543,7.778634e-10
03635d72aa25c1286f3bf8f48dc4c4237142e02b,7.51894e-07
035f13a3ab4886e201d82bdaea0b3f6c904151fb,3.2236827e-08
036022c971b3c904a8a6ddc88a30b158f42ac634,1.0249548e-08
035b2b8ec836f6d07e1232ece92d4285bfea39f1,1.8009463e-07
035c12d4f6ea5c25f3f34619f285a7597dbece78,2.6470028e-09
035cc03ea471c4743a8729eaee3f789980fa4c4b,9.7071336e-08
035eab2084cd585734af609284238ddcd64bc93d,2.4304873e-08
035fdbd45c9c6d7c4fd12266ca3b9b04cae9acf4,1.2382878e-08
0358a02a20ea78ee4bb2062df73562916a8e43aa,1.0011239e-06
035a433bd6785066d7ae705d081d283a99c8dd50,3.2352793e-07
035aa09e887f31cab991e1eab062c41ab98469c5,1.3337936e-06
0356bcb98f26f59ad3aceb5f989662353f4cac8b,2.493937e-06
03553b340a3e526fc8c0bb9ff0b4bdb14864cec3,1.4364171e-08
035667f9b620bff48a599786573bd20c31372c6e,5.806919e-08
0356728fe847f564761d1eb400dfe4f13c309fc5,7.674346e-09
0354027ea6106fe1edc04764301e25a7ff71055a,8.00877e-07
035211a082d1c1d3571d110cc01324387065f02a,0.05586699
034d497b90410c6735b63e0cfe3d0c08b265ec7a,3.061836e-07
035099721468bbf89ba95fb156d7c83a0e08755f,1.0900416e-08
0356c376b5ec1c5dda711ffccba86656d3dfc621,1.6727888e-07
0351645bde3af68e0f3739c0b0500eafd6e1d863,2.334107e-08
034cb5b07c3ffcd8ffe074a65d52ed379e03c15c,1.6917511e-08
0345c92ec442546edf50ec8e2d1d3e16385bb1e2,9.927775e-10
03457c5b3170fb415a1f0f0ead208f2893f43658,9.0205693e-10
034cd02a3011a7c615e875d290419962e6f1bcd4,6.620597e-09
03490fd3e2d5f2320a02ec661f6dd580510af2c1,1.4624086e-08
03417d1a0a595a71f8a6c5f3bd02f690316c38aa,1.014631e-06
0348cfaec3a6f952a51638ae831b267fc4a3431a,3.892098e-06
0340845eab901c7554a1d571972dde35c56aa5cd,7.911057e-07
0344c83d840bd380015dc8e40e09503434927a4a,4.2793778e-07
0343c62de81ea7f15589bb4b97395158c52dd048,6.1234635e-07
033d888a2728842874c760c746a8dc72db7ede61,1.4467032e-08
033dc57e24b5a28ded51860d500e0e04aaa100b8,1.6214301e-08
033e41e60d5d4efd0382ce3290e134e255daa1cc,1.15522255e-07
033ac2db5a6cdbafb2383a122f78fef1d6fcc391,9.956589e-08
03392473905925b54e5a13783617913c564ab7ae,1.8760805e-07
0334a7faf4000963facc8b38253a1dbf4bfdbd9f,1.2787281e-07
033353aa3a1fd06fa14de76438a1c027bc2eb5bc,3.6336905e-07
033f7de1a540c023fdd39b601bdcddd5d956143d,9.1368344e-07
033ee31aa5160d4438b7ae57bdba978d5751939a,3.3814916e-07
03387b74ccc779f381ff70f18ac378bc0a551d13,8.657365e-07
0332f6c2b63da4874b4a326832bd45777810d38c,4.735543e-07
03ef3ca12d0cf55d6732083a412af0c26e8e13fe,1.7861683e-07
03ec8d780508ad746e5222242716c40b2e1e744e,4.489662e-07
03eca853f5451e2d44b31ece774e3ce8b403fabb,3.242039e-08
03ed301900e877e48f69339988cdd5ace7728d39,2.0937246e-06
03ecd6ff66e69bfbd6f3e2648758d34571df6698,6.863459e-09
03ead4c3c4179a44101c93f25a2fb114c5aece0a,7.649985e-07
03e8418f23aaf1cbd989021cc7ea074e275fa84b,3.9538847e-08
03e8e5d39ee5fc525a34b636fabb94699908a8df,1.2845785e-06
03e86b6ad1dfdd1f56bd08a51d0d1afc214680ce,5.914291e-09
03e3e6b6bcf917825e5364a3595ecf783b2319f0,7.377759e-08
03e34f2ddd6c3b16eb4f1ac15c54038d9721d818,4.166463e-05
03e50bcf35d5e3bc848e332ec1465bdbe1f2894c,3.4873818e-07
03dc6792c5ed1234a074b8e3fbba3ce2273be9cc,0.00028867632
03e4fa22fff148bf13cd2ac223fa02d5eff18dfe,1.2154119e-09
03e38dee5a7f34b0f722ee667d563479d4d739a2,1.2108961e-07
03e59e0dddda4672ae447c2fa932639816b99bda,4.9981203e-08
03e835fab07e2840d207eec4c21a72f1c92c6af3,4.5554738e-10
03e6e897990f30c305d19f03a1b9bec073da4ef3,1.0625128e-07
03dc29624bab2ccbfd0c046b3eab47620dc97524,2.3360494e-07
03e1c49301f1cb19f989d69d4b10f160ca3a326b,8.17362e-08
03d996eb8ca8c3bb53f32c5913fe3a3906a000ee,9.251383e-08
03d857a99ff02cfb357798d099b7ac473bc3f6cc,4.2536787e-08
03d6a5ad1cae322d8560eab41ba543242b31796a,6.7074604e-09
03d9a4591edd8675be341fbc5c4f953ca02c9e1c,1.4609561e-08
03d6604d9777cfe99ab7b04dfddf4b573c005dc5,1.0289663e-08
03d77117f38e5fb599efccf5eac5794375123fd6,8.1886435e-07
03cfa4553bb0c58d2e84f5e6feaca85181278c2e,8.946006e-09
03ca46056a4e1dee2955e4c302405b74e32c011c,5.0515494e-09
03c2e91f29544eeb0bae45a01772e34bafd7b26c,4.9929463e-06
03c4dd29f55fcec321cb085675cd6854fa0d4fc7,7.682402e-07
03c1d3b1ac4c0acb6889a14eb5ceff7584a2bdf8,1.2330278e-07
03c268bb4818dede47fe0b13fe9663996a27ed86,1.2361965e-09
03c710bd97132479d655618ba26dc8cf8717f449,1.11133964e-07
03c3fa6e3a328db410ec5f2d541a53e4da18e2f8,7.691553e-08
03c9006328c9c7ee2303191ddcad447e42f6e7b9,4.4809101e-07
03d04ae14b212956bf11fe016158c9bc0d9fb2ed,1.3126684e-08
03d0f5cd00893004a1f645706c7fcb3e3e31cd63,8.614263e-08
03d1a8ac8426efeeb43cbe213c8ffb120218d4cb,2.6733406e-07
042693566ae0d56d3080c6649f1a4d9af4796dfc,7.6420354e-09
042b93795f6b49a344638787664c37c652645003,1.2667833e-07
0429cd301182251ab7722f1a0ab0311fa99749a8,4.523207e-09
0428f92de5d359fbc67fff672e1e4efe8a6d7afc,1.486776e-08
0427a762ed4aa69a47badf4b295734eddcc9479a,1.1428194e-09
04251151b70031e451771b2acb5be4d47654a562,1.7592763e-09
0424c0d51086fd6d1fcce8271dad6281984d3d56,9.892585e-09
04257fcbd554c686375f4f77e3f5845faee71f8f,3.627193e-09
0425e76f0ffa87ebc2dccbcc7b2b6632c747241b,9.613294e-08
0420440ff85e5c84024446d271961f6de28af373,2.7690305e-08
04199c35ab2b56b43e536baabbc48fba83289a7e,5.9361054e-07
0423fb998dab38733874cebcd53ff827c5dca6c9,1.0639198e-08
041d1d773034000a8641228a6fcf54298598a6b6,2.1200135e-06
042288bc32f71393e0b79d8bcd40cf56d303e16e,1.0649796e-08
0411802bf5948a9cae70bb6fb44e8b37224d0d2c,1.3173786e-06
0424adfe79acf0683dd3e324ad6644a1bfe54b9e,2.704608e-07
0414cdbe1292d76e7b0f8da7abf2a80642cdaa71,2.5875124e-07
041b9f8f6ec70e24fee17114d35b99879e8d0beb,6.0849715e-08
0415b236c238256f0dcbc9cb9506b3e8af5f33ca,6.350341e-08
04066cb2c20ae6a18c8c52f81cfb19dc9ae4ee64,1.4068465e-07
0409319ea2f9a789080d22371b9e25f4bd91ca7e,2.3873803e-09
0409b2faeb05ae76238b851d4f6ba67f8e7c5424,4.4956407e-09
0407875aa8bdf4f8927a2d0eba0ab85c2718d46a,3.8559477e-08
04079cf39966c9790b7e9f80532caccf89c9330a,2.9191282e-08
040d14e824397b1a6778be4ce8320682f164b35f,1.8582663e-08
040c29e4efdabfffb2073ece2d06977b4fc355b3,1.5098667e-08
040c3b48de26888d4cbfe6ea2b965e774f88cddd,1.1697968e-07
040fa125037754a2c23432895b75ffd05252aad3,4.5614078e-07
04114302bc161973a383aaa7d4e3506573d49fa0,1.05248624e-07
04004e7eace5c13c7e787847337b31c9527b8e2c,7.363539e-07
04005cc50fdb7340ea0b6e6ac7184e36ef415539,5.7358295e-07
04029fd8ddc83dde1d1abe21abcc31eabaf7fb21,3.6346673e-08
0405095e011f1aa55725a9d24f3d7e35f5c063d6,2.047423e-06
04073ae0846dbc1697866d02d27dd2aa5adfda6c,4.8459228e-09
0402150666c5623c69f8d09bf6d765e7ee790635,1.911137e-06
04044d8a3e2e9f083127448e3d9262e31c72511e,2.187724e-07
0401abafc1b6007595120bc41e3c546bcf43bc09,5.5371066e-07
0409ea3bd63b3bc85bedbc7510be7e6917b02923,1.9300926e-07
03f5838dfd5196e93023d54e8ff2057b138581de,6.768172e-08
03f835b36b43861e76b84afb46d665fa172c740e,3.93335e-08
03ef9d5f71351a5ebc7369221e0ddb3509b3cd2a,1.3035187e-09
03f7fa56b9982ecf214ed517acfd18c7e2fccddc,1.3952138e-08
03f8b4287f09a5029c51ae750088bc14ff47dae5,2.8584484e-05
03f5566934e1939be37802ec034db00439921700,6.420677e-07
03f1a33f1108c5f2176fa2a9f657cbd7cf84e84b,5.538395e-07
03f55533db14aff2fc1841d2447df15c9cc09b79,4.180581e-08
03fa61b646f65e57aeaa8285ab1feee893ddaa07,4.1488388e-08
03fd2101957c2e620f9195856387c172cd285881,1.5540321e-08
040000d605ddda6734ebbb591e1f44eee496bf44,1.7115722e-08
03ff5eb7bcb800b4c73d2d7dd31234353c5acfc5,9.282952e-08
03fe006b345029fc65dda35e75b263d3edc5cadb,5.8289123e-07
03fabd2b6f838dd2ba6be321eac3a77f9c527471,1.54049e-07
03fa5febba4f8c7bb40f2afd904608200a241f21,1.3595098e-07
03ed92d64c9552c8cace253f1c0fc144185c1aa1,7.680676e-08
03f24473a66564df22de6833225c672e84d5796d,2.4175408e-09
03fad8454923706b6b9de58d4fd833fc48b0b34d,3.2931866e-06
03ff18c2e21a04dacb41ff170264759e37aa3ef4,3.6726802e-09
04000d43344e01465af341e586ee06347ee75ab6,4.3201e-07
04016ee3c94117f35050a67d72d976141f341449,3.403086e-10
03f0d689f082a205140a88691dbe1f7404cd8b2e,1.6617668e-07
048b524e59ad39cba97cfcbcf981ca10284cf3bf,6.021368e-08
0482646461c3d12f9a036bf2324ec5f1e65b26b0,1.014783e-06
048138431692d50b60197136e76cacfbb51fa807,6.660789e-07
0484f269997f39e13bf0a9d8b9bcba160c22b00c,2.7288297e-07
0484051edeade5710970e03216565e8575b4395f,3.732303e-09
047d851bddeda3f1a2520d924b1f93727692217e,1.1937179e-07
0485b9f5aa88bc6bed0380283cb8b4b55d7a028b,5.7167384e-08
047e2b380d55fb60a90bd93c9aa8e3f205c0d780,3.441366e-07
047b4c83e85bbdd56befd5aa6aea243f033edc2d,1.4178909e-08
047c7313d187d3d2d371e1c0e8dcd5722ec74c77,6.578657e-08
04726f949ec2edaef1fd0d7919ba818132863005,1.9348656e-08
047200283d4bddb503970a53ac0007e1451b3b3a,1.6686319e-07
0474ead6b6b65c0b5fd8a4cae8afe727fdccb13a,5.558051e-09
0472899aab94427f387f44d50cbc851efa22de67,1.3664184e-07
04701e018d3becbf3234375fe9451a772bcf07fe,2.937885e-08
0471445b5b8dda4e3055ead6b70603783711f181,1.3954605e-07
047ca09168068ce28dcd94adfb1e458445391861,1.03641796e-07
04776e0d2690f0b8c9c0d4e80b4ca46c581a2952,1.1433812e-06
0469abbfa2cbf6bc510cc0270599ce538322446d,8.397476e-08
0461364a223ee46a43f0d7242f54b29a756999a5,3.0465182e-07
046a94de47c5075bc2e4bee8f0af270a590b20e5,1.7683671e-08
046de794e70df49131ad806aee3ac52d40156c7c,3.332313e-07
0466144c29330e7041943224aac415cd8913c1cb,1.39713645e-08
046a33309b3b6ad29bb9098005986a1ce4580488,0.00012556577
0464e5c76e3e23337dd128555e308a4078b5b92b,1.1507989e-09
0456835ceda5786151a4de1e872285dac0df3633,1.2972868e-07
0458eed47b686942b40b3f8d1c664f2770bc9e98,1.5765961e-07
0452f18f140808a19cd19e993a6823854d614096,1.18190755e-07
0454b2cd1d14bdf8e4a665ffaa8637e25903722c,1.419236e-07
0451a996f4b870cfbf26c89b89a65d0e4c1d027d,1.3061375e-08
045ac9cc40e6f0c310fba742b78757b4a9fc7b5c,8.735621e-09
